updateAuthor,2023-05-16 16:18:45.955
deleteAuthor,2023-05-16 16:19:05.792
infoLibrary,2023-05-16 17:01:17.058
showAddress,2023-05-16 17:01:39.381
showAddress,2023-05-16 17:04:49.629
updateAddress,2023-05-16 17:04:57.847
updateAddress,2023-05-16 17:06:15.803
updateAddress,2023-05-16 17:06:58.918
showAddress,2023-05-16 17:07:19.849
updateAddress,2023-05-16 17:08:15.943
showAddress,2023-05-16 17:08:46.999
checkQuantity,2023-05-16 17:10:17.502
infoLibrary,2023-05-16 17:18:28.245
infoLibrary,2023-05-16 17:23:39.952
showAddress,2023-05-16 17:26:58.797
showAllBooksStudent,2023-05-16 17:27:55.202
infoLibrary,2023-05-16 17:28:45.953
